Model,Strategy,Accuracy,F1_Macro,Precision,Recall
BERT,ZeroShot,0.4879,0.3833,0.5454,0.5106
BERT,ZeroShot_CoT,0.5294,0.4825,0.581,0.5465
BERT,FewShot,0.6332,0.6036,0.7318,0.6492
BERT,FewShot_CoT,0.6298,0.6107,0.6888,0.643
RoBERTa,ZeroShot,0.4775,0.345,0.5233,0.5022
RoBERTa,ZeroShot_CoT,0.4844,0.3432,0.7395,0.5099
RoBERTa,FewShot,0.7474,0.7464,0.7601,0.7527
RoBERTa,FewShot_CoT,0.7612,0.7612,0.765,0.764
DistilBERT,ZeroShot,0.4187,0.3223,0.3274,0.4394
DistilBERT,ZeroShot_CoT,0.4602,0.3259,0.3581,0.4847
DistilBERT,FewShot,0.6298,0.6038,0.7118,0.6448
DistilBERT,FewShot_CoT,0.6713,0.6611,0.7158,0.6821
BERT,Fine-tuned,0.7128,0.7128,0.7147,0.7147
RoBERTa,Fine-tuned,0.5294,0.448,0.6548,0.5508
DistilBERT,Fine-tuned,0.7543,0.7541,0.7601,0.7578
